Cluster,Subcluster,Domain,Format Loads,Impressions,Format Fill Rate,Viewability Rate,Efficiency Rate,CPM,Clicks,CTR,Category,Country,Geographical zone
1,1,inforuss.info,85713.18181818182,65.72727272727273,0.07181818181818182,96.25909090909092,99.46545454545452,1.6218181818181818,0.4545454545454545,0.5945454545454546,News & Portals,Russia,East Europe
1,1,newindianexpress.com,80994.85714285714,3041.950738916257,8.946206896551725,77.17743842364533,88.99640394088672,1.5719211822660093,10.36945812807882,0.2913300492610837,News & Portals,United Kingdom,West Europe
1,1,eldigitalcastillalamancha.es,80706.23107569721,20194.577689243037,20.633067729083653,82.53107569721116,89.73067729083665,1.6381274900398397,151.54183266932267,0.6111155378486055,News & Portals,Spain,West Europe
1,1,stirilekanald.ro,80331.75,4633.25,6.0566666666666675,89.74833333333332,89.36916666666669,1.6133333333333335,22.16666666666667,0.4841666666666666,News & Portals,Romania,East Europe
1,1,etnet.com.hk,79272.17213114754,13759.650273224042,18.52882513661203,70.69628415300545,95.39557377049186,1.7124043715846968,23.527322404371585,0.2026502732240437,News & Portals,Hong Kong,Asia
1,1,vetogate.com,78177.04907975461,114.6319018404908,0.1116564417177914,53.915766871165644,55.781717791411076,1.119325153374233,0.6625766871165644,0.2892638036809816,News & Portals,Egypt,Africa
1,1,fanipogody.pl,73040.83706070288,4960.252396166135,6.728753993610223,82.77226837060704,93.5564217252396,1.4428115015974428,54.16932907348243,1.0479552715654954,News & Portals,Poland,East Europe
1,1,tvguide.co.uk,72791.05925925926,4412.103703703704,3.6342222222222222,23.99600000000001,34.69251851851851,0.6082962962962962,7.4,0.043629629629629615,News & Portals,United Kingdom,West Europe
1,1,sydneytoday.com,72392.12195121951,2533.609756097561,2.976036585365853,68.465243902439,81.17756097560977,1.4336585365853671,9.304878048780488,0.2818292682926829,News & Portals,Australia,Australia
1,1,nst.com.my,71651.49315068492,9517.342465753423,11.370273972602739,82.80232876712327,95.42397260273971,1.5530136986301373,78.93150684931506,1.1073972602739726,News & Portals,Malaysia,Asia
1,1,tunoticiapr.com,71316.259375,10466.15,8.293906250000003,53.10971874999999,61.319375,1.0940937500000003,111.365625,0.9563437499999996,News & Portals,United States,North America
1,1,israelhayom.co.il,70605.45744680849,16711.031914893618,23.902446808510646,72.0023404255319,98.24148936170212,1.8925531914893627,55.755319148936174,0.34882978723404245,News & Portals,Israel,Asia
1,1,laprensa.hn,70004.23762376237,4252.696369636964,6.372046204620465,78.5344224422442,88.54712871287128,1.6418151815181492,26.122112211221122,0.5574917491749174,News & Portals,Spain,West Europe
1,1,sobesednik.ru,67185.0,42.5,0.0625,98.8175,99.5625,1.55,0.0,0.0,News & Portals,Russia,East Europe
1,1,viva.co.id,67101.28378378379,2369.006756756757,8.336148648648653,44.550878378378364,53.606689189189204,0.8524999999999997,15.878378378378384,0.23013513513513514,News & Portals,Singapore,Asia
1,1,defence-line.org,66660.40163934426,1374.6311475409836,2.163825136612022,82.9726229508197,96.13508196721314,1.7075956284152998,8.978142076502731,0.6798087431693991,News & Portals,Ukraine,East Europe
1,1,tutiempo.net,66525.63529411763,3587.3764705882354,5.455294117647059,80.39011764705883,91.45082352941179,1.6284705882352943,9.576470588235292,0.2810588235294117,News & Portals,Spain,West Europe
1,1,prothomalo.com,64837.42274052477,10042.63556851312,8.123090379008746,39.28577259475221,48.78504373177845,0.8520699708454813,21.034985422740526,0.10845481049562686,News & Portals,Bangladesh,Asia
1,1,dkn.tv,59531.554455445534,2098.188118811881,1.046039603960396,52.29564356435643,59.926435643564346,0.998118811881188,13.495049504950495,0.5858415841584159,News & Portals,Vietnam,Asia
1,1,rioja2.com,59029.21857923497,9676.204918032789,18.361147540983623,89.71989071038256,97.80079234972678,1.6910655737704858,66.71311475409836,0.7110655737704918,News & Portals,Spain,West Europe
1,1,journalistenwatch.com,58545.705128205125,140.83333333333334,0.6128205128205128,35.09974358974357,39.527307692307694,0.6693589743589745,1.1923076923076923,0.27602564102564103,News & Portals,Germany,West Europe
1,1,mission-tw.com,55838.066298342535,6009.906077348066,17.28110497237569,89.06508287292816,99.40756906077348,1.7233149171270719,31.12154696132597,0.6048618784530387,News & Portals,Taiwan,Asia
1,1,thanhnien.vn,55595.33333333334,6184.152777777777,12.443564814814813,75.2022222222222,87.60023148148147,1.6396759259259257,5.166666666666667,0.08902777777777772,News & Portals,Vietnam,Asia
1,1,metromode.se,54919.043715846994,12814.644808743169,24.884890710382514,79.24734972677592,95.89237704918035,1.5952185792349691,76.78688524590164,0.6586612021857928,News & Portals,Sweden,West Europe
1,1,bdnews24.com,52639.21686746989,3375.574297188755,3.3103212851405632,37.647108433734935,49.47562248995984,0.8621686746987951,16.42570281124498,0.21791164658634526,News & Portals,Kuwait,Arabia
1,1,newtimes.co.rw,52456.0,1169.0,3.0900000000000003,67.66499999999999,62.11,0.845,11.5,0.65,News & Portals,Rwanda,Africa
1,1,anderlecht-online.be,50767.54098360656,5331.401639344263,10.69655737704918,80.55316939890709,98.71218579234969,1.6294535519125632,32.72950819672131,0.6938797814207647,News & Portals,Belgium,West Europe
1,1,lavozdelsur.es,50611.84615384616,2814.615384615385,5.346538461538462,86.46846153846151,88.57807692307692,1.4739743589743592,15.205128205128204,0.4444871794871795,News & Portals,Spain,West Europe
1,1,twasul.info,50422.18956043956,756.7774725274727,1.5821703296703262,87.57043956043951,87.92475274725273,1.5865659340659315,4.6098901098901095,0.6771153846153848,News & Portals,Saudi Arabia,Arabia
1,1,vipflash.de,50268.724919093846,592.4886731391584,3.334563106796117,83.83935275080906,99.85611650485436,1.6700970873786405,4.0711974110032365,1.0033333333333332,News & Portals,Germany,West Europe
1,1,bangkokpost.com,49941.037037037044,3605.166666666666,17.153703703703712,78.70481481481481,88.22166666666668,1.3142592592592592,30.14814814814815,0.7085185185185184,News & Portals,Thailand,Asia
1,1,boxofficeindia.com,49296.63673469388,1556.865306122449,3.509918367346938,78.107306122449,97.87604081632648,1.6216734693877557,4.457142857142856,0.2502448979591836,News & Portals,India,Asia
1,1,thequint.com,49189.19366197183,4873.264084507042,11.175704225352103,53.84911971830987,61.268767605633755,1.051936619718309,24.62323943661972,0.3207042253521128,News & Portals,Kuwait,Arabia
1,1,konkurent.ru,48757.19259259259,4456.918518518521,19.590740740740745,44.9005925925926,58.47348148148146,0.9197037037037042,16.192592592592593,0.3197037037037038,News & Portals,Russia,East Europe
1,1,ensegundos.do,48362.680327868846,12274.86612021858,38.491857923497264,88.47882513661207,97.70188524590174,1.63846994535519,53.609289617486354,0.4295081967213116,News & Portals,United States,North America
1,1,wprost.pl,48327.73181818182,3622.436363636364,6.2091818181818175,70.76395454545455,78.556,1.4804545454545437,12.322727272727272,0.30822727272727274,News & Portals,Poland,East Europe
1,1,febrayer.com,47053.94708994709,372.830687830688,1.0084126984126989,90.53259259259261,97.8760846560846,1.6153968253968247,2.4603174603174605,0.8049206349206349,News & Portals,Morocco,Africa
1,1,akhbarona.com,46865.0,4.0,0.008,60.0,60.0,1.042,0.0,0.0,News & Portals,Morocco,Africa
1,1,tygodnikpodhalanski.pl,46017.186770428016,1009.136186770428,2.5505447470817115,83.04143968871597,98.28607003891048,1.7112840466926065,10.704280155642023,0.9892607003891052,News & Portals,Poland,East Europe
1,1,gnewsline.com,43372.643835616436,37510.30479452056,42.42880136986299,65.28243150684929,77.85332191780823,1.4697260273972597,1.6369863013698631,0.040924657534246574,News & Portals,United States,North America
1,1,heidelberg24.de,41979.6046511628,1841.6976744186047,3.642325581395349,84.69000000000003,92.59697674418604,1.6197674418604648,25.69767441860465,0.9690697674418604,News & Portals,Germany,West Europe
1,1,elheraldo.hn,41835.3745819398,2275.969899665552,6.026220735785958,78.25107023411375,92.30973244147155,1.6717056856187251,12.23411371237458,0.5113043478260867,News & Portals,Spain,West Europe
1,1,kutno.net.pl,41040.92,836.2,2.0612,87.42120000000001,99.8596,1.5552000000000004,3.96,0.642,News & Portals,Poland,East Europe
1,1,elcalce.com,40231.36727272727,16182.876363636367,50.04912727272724,90.78029090909084,97.1233090909091,1.6656,111.03636363636365,0.6535272727272727,News & Portals,United States,North America
1,1,dir.bg,40111.00854700855,212.41025641025644,0.07401709401709401,13.0308547008547,13.67794871794872,0.29512820512820515,0.41025641025641024,0.027777777777777773,News & Portals,Bulgaria,East Europe
1,1,cndreams.com,40073.30630630632,1312.4534534534534,3.357837837837837,75.03345345345346,98.63555555555547,1.5928828828828807,2.690690690690691,0.2074474474474473,News & Portals,Canada,North America
1,1,theprint.in,39890.754658385085,1256.2888198757764,1.2440993788819874,36.48313664596272,40.57273291925469,0.7713354037267083,3.5,0.13118012422360245,News & Portals,India,Asia
1,1,slunecnice.cz,39648.2100591716,4972.168639053254,12.701775147928991,80.18943786982251,97.30076923076928,1.5841124260354975,13.994082840236686,0.3699408284023665,News & Portals,Czech Republic,East Europe
1,1,tinthethao.com.vn,39233.75068493151,2435.7342465753422,4.107150684931505,83.71221917808224,93.70498630136986,1.6256438356164389,12.013698630136984,0.2304109589041096,News & Portals,Vietnam,Asia
1,1,dienanh.net,38427.99628252788,641.1895910780669,1.063159851301116,92.419219330855,94.47936802973972,1.7086617100371748,0.8029739776951673,0.11743494423791825,News & Portals,Vietnam,Asia
1,1,lalibre.be,37673.176029962546,7249.6591760299625,23.46397003745318,87.80029962546806,97.40209737827715,1.5869288389513088,29.88014981273408,0.4942696629213481,News & Portals,Belgium,West Europe
1,1,bldaily.com,37063.068181818184,13060.340909090908,8.415681818181817,15.393636363636364,20.04568181818182,0.3372727272727273,198.13636363636363,0.2340909090909091,News & Portals,China,Asia
1,1,mannheim24.de,36432.29824561404,3305.175438596492,13.352807017543867,75.9984210526316,87.710350877193,1.4245614035087717,15.035087719298243,0.3998245614035087,News & Portals,Germany,West Europe
1,1,truthdig.com,35486.437158469955,11598.75136612022,25.960928961748625,83.06765027322406,96.61308743169405,1.7443715846994543,80.25956284153007,0.6777049180327868,News & Portals,United States,North America
1,1,thehindubusinessline.com,35243.86486486487,4412.081081081081,26.39864864864865,63.723513513513524,80.13027027027023,1.4151351351351351,8.945945945945946,0.21648648648648647,News & Portals,India,Asia
1,1,kannadaprabha.com,35148.625,1451.91875,9.382656249999997,86.00456249999998,95.24521875000006,1.91596875,2.553125,0.1360312499999999,News & Portals,United Arab Emirates,Arabia
1,1,limanowa.in,35026.36538461538,1068.201923076923,1.944759615384616,57.58158653846154,57.99682692307691,1.0882211538461541,13.408653846153848,0.47557692307692295,News & Portals,Poland,East Europe
1,1,eltiempo.com,34175.987878787884,44277.46666666667,112.28218181818184,91.26903030303032,94.85321212121212,1.6355151515151527,221.23636363636365,0.7242424242424245,News & Portals,United States,North America
1,1,iol.pt,33838.875,1902.125,14.882499999999995,68.72874999999999,78.82124999999998,0.79875,15.875,0.8374999999999999,News & Portals,France,West Europe
1,1,unian.net,33472.25615763547,8267.492610837438,19.709064039408872,86.07231527093604,97.00857142857141,1.636305418719212,43.59113300492611,0.3366502463054187,News & Portals,Russia,East Europe
1,1,wallstreet-online.de,33471.54252199413,12411.812316715545,21.51803519061586,72.5558064516129,93.08630498533724,1.4494721407624631,28.838709677419356,0.2383577712609971,News & Portals,United States,North America
1,1,ibtimes.co.in,32858.7,45797.857894736844,41.81542105263158,42.249526315789495,47.99931578947368,1.0318947368421054,0.8368421052631579,0.014842105263157896,News & Portals,United States,North America
1,1,24timezones.com,32837.15625,4485.6875,12.3521875,75.429375,94.85625000000002,1.5926562500000006,13.5625,0.3221874999999999,News & Portals,United States,North America
1,1,stahuj.cz,32621.14583333333,1686.3005952380954,4.405238095238095,63.1364285714286,79.60205357142851,1.2346130952380927,4.0148809523809526,0.2147321428571427,News & Portals,Czech Republic,East Europe
1,1,boxun.com,30860.385245901634,6619.300546448088,20.887759562841552,78.18224043715846,97.54352459016391,1.6839890710382506,19.63661202185793,0.3070491803278687,News & Portals,United States,North America
1,1,thebl.com,30670.66666666667,12351.34375,23.6271875,55.560625000000016,63.55875,1.0547916666666672,117.85416666666669,0.5146874999999999,News & Portals,United States,North America
1,1,beautifulnara.com,30190.3394160584,1788.8540145985398,7.903175182481752,80.55386861313869,98.40740875912405,1.599525547445258,18.616788321167885,0.8870437956204384,News & Portals,Malaysia,Asia
1,1,rawicz24.pl,28935.83636363636,508.3454545454546,1.9373454545454536,85.18436363636363,96.12043636363636,1.526836363636363,5.487272727272726,1.040690909090908,News & Portals,Poland,East Europe
1,1,newsland.com,28841.840579710137,1768.2826086956522,6.81086956521739,84.57681159420291,97.90456521739132,1.6076086956521736,2.920289855072464,0.2363043478260869,News & Portals,Russia,East Europe
1,1,teepr.com,28172.536986301366,6658.983561643836,12.711150684931498,73.68120547945206,95.95712328767124,1.7387671232876702,17.961643835616442,0.17106849315068495,News & Portals,Taiwan,Asia
1,1,debica24.eu,27831.54354354355,568.1531531531532,2.54099099099099,88.33792792792791,97.70474474474472,1.5697597597597583,5.693693693693692,0.9085585585585584,News & Portals,Poland,East Europe
1,1,dinamani.com,27605.92233009709,1343.5307443365696,8.918705501618122,85.3146278317152,94.98336569579287,1.7163754045307469,5.31715210355987,0.3377022653721686,News & Portals,United Arab Emirates,Arabia
1,1,diariopatriota.com,27464.13268608415,1604.3236245954693,7.126407766990288,78.73190938511323,90.6802588996763,1.5547572815533943,9.139158576051779,0.4638187702265374,News & Portals,Spain,West Europe
1,1,inquirer.net,26418.66666666667,3601.7254901960773,10.69676470588235,80.88735294117647,89.21754901960784,1.5514705882352942,17.84313725490196,0.453921568627451,News & Portals,Australia,Australia
1,1,pplomo.com,25594.481818181812,658.9818181818182,2.908818181818182,92.06509090909091,98.00836363636364,1.6661818181818182,5.454545454545454,0.7550909090909087,News & Portals,Taiwan,Asia
1,1,lanaciondigital.es,25374.504297994263,1745.7191977077366,7.141518624641835,76.77928366762174,81.02283667621776,1.5422349570200558,8.690544412607451,0.35681948424068793,News & Portals,Spain,West Europe
1,1,paraeles.pt,25275.32110091743,9.426605504587156,0.038853211009174264,71.59816513761469,75.07568807339452,1.4593577981651384,0.0963302752293578,0.7622018348623851,News & Portals,Portugal,West Europe
1,1,maxpark.com,25252.90579710145,1637.8695652173913,7.2560144927536285,81.51398550724639,96.61405797101447,1.5854347826086967,4.159420289855072,0.3086231884057972,News & Portals,Russia,East Europe
1,1,kuwaitlocal.com,25091.875,10.625,0.0425,76.80874999999997,86.6375,1.5287500000000005,0.125,1.78625,News & Portals,Kuwait,Arabia
1,1,ac24.cz,24757.722857142857,2033.2628571428568,5.643885714285713,85.84354285714288,98.40522857142858,1.5584285714285686,13.851428571428572,0.6745714285714283,News & Portals,Czech Republic,East Europe
1,1,nownews.com,24639.381818181817,1430.0,9.238545454545452,73.60436363636364,89.30818181818182,1.5787272727272723,9.636363636363637,0.3434545454545455,News & Portals,Taiwan,Asia
1,1,mediafax.ro,24508.95588235294,1518.0441176470588,6.6716176470588255,83.49058823529413,92.77661764705879,1.4745588235294118,5.147058823529412,0.5883823529411766,News & Portals,Romania,East Europe
1,1,electomania.es,23923.942028985508,1760.608695652174,2.9988405797101443,30.71768115942029,37.26782608695653,0.9514492753623188,4.463768115942028,0.09536231884057972,News & Portals,Spain,West Europe
1,1,komica.org,23846.25136612021,1188.655737704918,5.015409836065576,62.79153005464483,99.36581967213112,1.9478688524590155,5.1502732240437155,0.4494808743169398,News & Portals,Taiwan,Asia
1,1,losreplicantes.com,23757.926229508197,4362.70218579235,17.842704918032798,86.26614754098358,96.52931693989073,1.6554644808743122,42.076502732240435,0.8886338797814203,News & Portals,Spain,West Europe
1,1,jarocinska.pl,23306.73666666667,507.57333333333327,2.3226,84.2368666666667,91.70306666666664,1.504,4.8566666666666665,0.8143666666666669,News & Portals,Poland,East Europe
1,1,channel-korea.com,23279.630508474576,5393.654237288136,24.05277966101693,87.55996610169485,98.7221694915254,1.6495593220338982,17.56271186440678,0.2344745762711864,News & Portals,United States,North America
1,1,qaru.site,22771.09210526316,5584.75,4.3393421052631584,26.21118421052632,35.188157894736854,0.637105263157895,6.5131578947368425,0.0906578947368421,News & Portals,Russia,East Europe
1,1,clm24.es,21550.31,9180.0,23.46670000000001,60.48680000000001,64.51719999999999,1.1748999999999998,31.83,0.2468,News & Portals,Spain,West Europe
1,1,zona-militar.com,21442.736263736264,435.05494505494505,1.4806593406593402,61.13487179487177,73.3900732600733,1.4195970695970694,3.208791208791209,0.6238095238095237,News & Portals,Belgium,West Europe
1,1,elplural.com,21079.75806451613,12237.741935483871,59.745,90.57516129032257,97.47080645161293,1.865483870967742,49.32258064516129,0.3956451612903225,News & Portals,Spain,West Europe
1,1,factsherald.com,20991.161904761906,616.8952380952381,2.2987619047619043,71.92295238095238,75.09866666666669,1.7883809523809528,0.047619047619047616,0.008476190476190476,News & Portals,United States,North America
1,1,udayavani.com,20875.64516129032,51.38709677419354,0.2387096774193548,87.40193548387094,96.31580645161293,1.7619354838709678,0.5161290322580645,1.3461290322580646,News & Portals,India,Asia
1,1,xcatalunya.cat,20551.0,747.3726937269372,3.9240221402213993,90.17940959409596,92.20778597785976,2.0584501845018446,14.527675276752767,1.8868634686346863,News & Portals,Spain,West Europe
1,1,elmundo.es,20220.8115942029,2125.8695652173915,13.716521739130433,78.16855072463768,88.93594202898552,1.6956521739130432,3.246376811594203,0.20318840579710132,News & Portals,United Kingdom,West Europe
1,1,bezprawnik.pl,20050.65758754864,1268.8249027237355,2.549805447470817,27.775019455252924,38.4979766536965,0.6154085603112842,17.284046692607006,0.3585603112840466,News & Portals,Poland,East Europe
1,2,youm7.com,992087.9516129032,11080.763440860215,1.1370967741935485,61.259731182795676,91.51983870967736,1.7281182795698928,48.46236559139785,0.40172043010752695,News & Portals,Egypt,Africa
1,2,chinatimes.com,990576.1366120218,188611.00546448087,19.54144808743168,90.04524590163933,99.13666666666674,1.7974590163934454,1311.983606557377,0.7873497267759568,News & Portals,Taiwan,Asia
1,2,rediff.com,915541.3942857144,86602.11714285714,14.86340000000001,77.82399999999993,98.18562857142858,1.7426285714285723,331.72857142857146,0.3671999999999998,News & Portals,India,Asia
1,2,stiripesurse.ro,842081.2790697673,22125.53488372093,4.473255813953489,76.10023255813954,86.21744186046513,1.4848837209302326,147.25581395348837,0.5423255813953488,News & Portals,Romania,East Europe
1,3,dziennikwschodni.pl,459106.42783505155,7518.8195876288655,1.8390721649484545,82.37386597938149,97.50721649484535,1.5593814432989703,163.44845360824743,2.323969072164949,News & Portals,Poland,East Europe
1,3,kompas.com,403474.5698924731,25840.591397849457,19.475268817204302,66.51129032258065,89.49946236559141,1.620107526881721,142.89247311827958,0.497311827956989,News & Portals,Spain,West Europe
1,3,tempo.co,393283.7728531856,7788.102493074793,2.1718836565096944,78.12229916897502,95.521108033241,1.814736842105264,65.76177285318559,0.5899168975069248,News & Portals,Indonesia,Asia
1,3,gulfnews.com,374091.5753424658,59818.05479452055,32.2672602739726,77.77986301369863,87.12671232876713,1.7008219178082191,427.5205479452055,0.5802739726027399,News & Portals,United Arab Emirates,Arabia
1,3,elespanol.com,358047.34972677595,38324.633879781424,11.91472677595629,81.7850273224043,96.88759562841531,1.682158469945353,202.7704918032787,0.5416939890710387,News & Portals,Spain,West Europe
1,3,tribunnews.com,352676.3846153846,6641.2417582417565,10.862417582417581,74.00021978021978,91.87571428571428,1.6528571428571437,80.84615384615384,0.9161538461538462,News & Portals,Indonesia,Asia
1,3,mundohispanico.com,343385.1688741722,203967.15894039735,63.20470198675501,84.02956953642382,97.46334437086084,1.6601655629139054,1460.6721854304635,0.7620529801324505,News & Portals,United States,North America
1,3,mendozapost.com,327359.6511627907,6334.651162790698,0.8009302325581394,82.1195348837209,79.3074418604651,1.3337209302325583,83.74418604651162,1.3588372093023258,News & Portals,Spain,West Europe
1,3,lebanondebate.com,300153.5482093664,4356.06611570248,0.9355371900826448,40.559696969696944,56.62964187327819,0.9936088154269972,34.482093663911854,0.4219283746556475,News & Portals,Lebanon,Arabia
1,3,dainikamadershomoy.com,290137.9886792453,5191.026415094339,1.9243018867924533,85.36158490566041,97.92350943396221,1.6662641509433946,21.373584905660373,0.4030188679245283,News & Portals,Bangladesh,Asia
1,3,urdupoint.com,271875.0375,10375.5125,8.073,77.62850000000003,82.086,1.6875,61.1875,0.52275,News & Portals,Pakistan,Asia
1,3,hmetro.com.my,262733.54285714286,18156.342857142856,7.365857142857141,87.36785714285713,96.95,1.5622857142857136,117.05714285714286,1.0402857142857147,News & Portals,Malaysia,Asia
1,3,theitaliantimes.it,256086.43627450985,12805.254901960783,7.433431372549018,87.15249999999996,97.53882352941179,1.6914705882352927,54.68627450980392,0.3544607843137255,News & Portals,Italy,West Europe
1,3,botasot.info,242520.224,1771.5079999999996,0.28556,35.38372000000001,38.19007999999999,0.6634000000000001,18.536,0.3929600000000002,News & Portals,Albania,East Europe
1,3,hk01.com,233200.36764705885,18461.698529411766,18.95433823529412,82.0467647058823,93.43323529411764,1.5083823529411768,117.50735294117644,0.6650735294117648,News & Portals,Taiwan,Asia
1,3,clarin.com,231418.0769230769,21914.73076923077,9.284999999999998,80.17846153846153,77.46692307692308,1.5600000000000005,94.96153846153848,0.5953846153846153,News & Portals,Spain,West Europe
1,4,missyusa.com,1732798.149171271,124798.82872928175,10.81419889502763,78.07209944751385,98.46685082872926,1.7137569060773474,98.44198895027624,0.07071823204419878,News & Portals,United States,North America
1,5,lebanon24.com,219605.0105820105,7020.8201058201075,3.3645502645502643,87.15428571428575,96.55095238095235,1.6704761904761898,61.03174603174603,0.8847619047619047,News & Portals,Lebanon,Arabia
1,5,trendingpolitics.com,201977.0,3274.0,1.4766666666666666,60.93833333333333,60.28166666666666,0.8733333333333334,38.16666666666666,0.7166666666666667,News & Portals,United States,North America
1,5,indiatoday.in,198954.484375,10224.859375,12.840781249999996,68.43890624999999,78.44859375,1.2653124999999998,81.40625,0.3314062500000001,News & Portals,India,Asia
1,5,metro.pr,192961.70083102488,34416.3351800554,23.643518005540184,78.04462603878116,91.67493074792246,1.7966204986149572,308.0664819944598,0.9588365650969526,News & Portals,United States,North America
1,5,tienphong.vn,191667.77215189874,4844.06329113924,1.13126582278481,38.272405063291146,41.735316455696214,0.8688607594936707,19.29113924050633,0.19569620253164555,News & Portals,Vietnam,Asia
1,5,soundofhope.org,190944.93548387094,13779.59677419355,6.14983870967742,92.73056451612905,98.59790322580645,1.7879032258064516,71.7258064516129,0.6203225806451612,News & Portals,Taiwan,Asia
1,5,bharian.com.my,184769.24285714285,22661.785714285717,12.354571428571427,85.51799999999999,96.65628571428577,1.5534285714285714,147.72857142857143,1.3274285714285716,News & Portals,Malaysia,Asia
1,5,kompasiana.com,176183.07142857142,6001.540816326531,12.162448979591833,58.70132653061224,77.89295918367344,1.5513265306122446,28.867346938775512,0.4326530612244896,News & Portals,Indonesia,Asia
1,5,samakal.com,173578.02641509433,3349.633962264151,2.055735849056603,85.45641509433966,97.48996226415095,1.6827924528301896,16.47924528301887,0.4838113207547168,News & Portals,Bangladesh,Asia
1,5,parttime.hk,173279.1076923077,1709.5461538461539,0.8211538461538459,76.6586923076923,83.94292307692307,1.7353076923076922,3.8923076923076922,0.27461538461538465,News & Portals,Hong Kong,Asia
1,5,wykop.pl,171826.38461538462,5468.0851648351645,2.1885164835164828,35.29016483516485,43.41453296703297,0.7648626373626377,19.12087912087912,0.2627197802197802,News & Portals,China,Asia
1,5,vov.vn,163686.2972972973,3849.3783783783783,2.417027027027028,82.37405405405406,93.59216216216215,2.121621621621622,10.972972972972977,0.3051351351351352,News & Portals,Vietnam,Asia
1,5,anandabazar.com,155805.06830601091,21441.59016393443,32.532021857923496,84.95278688524587,97.95710382513658,1.7415027322404366,40.614754098360656,0.16226775956284153,News & Portals,United States,North America
1,5,forum24.cz,154995.60698689954,1995.6943231441046,1.8134934497816595,68.12502183406116,75.41663755458515,1.2716593886462884,23.179039301310052,0.492707423580786,News & Portals,Czech Republic,East Europe
1,5,nawaret.com,149014.03555555554,8658.99111111111,6.2025333333333315,85.20040000000002,93.15595555555555,1.566177777777779,96.68,1.1969777777777777,News & Portals,Egypt,Africa
1,5,trud.com,143133.59433962265,1273.3490566037735,0.8396226415094337,77.87075471698115,84.56952830188678,1.5858490566037733,8.10377358490566,1.1415094339622638,News & Portals,Russia,East Europe
1,5,janamtv.com,142034.3306010929,2618.040983606557,1.9281147540983568,87.79412568306019,97.14551912568308,1.7022404371584698,16.972677595628415,0.6485792349726778,News & Portals,India,Asia
1,5,kolkata24x7.com,139831.33333333337,1005.0,0.7133333333333334,90.05666666666669,65.86000000000001,1.8233333333333333,2.6666666666666665,0.31666666666666665,News & Portals,India,Asia
1,5,malaymail.com,138156.85792349727,23505.532786885247,17.319262295081966,84.06830601092895,97.89535519125671,1.6208743169398907,311.396174863388,1.5099453551912567,News & Portals,Malaysia,Asia
1,5,paruvendu.fr,132805.56355932206,21499.478813559323,13.864237288135595,83.95639830508478,98.64008474576269,1.587881355932202,158.51271186440678,0.9385593220338976,News & Portals,France,West Europe
1,5,tpi.it,131885.81578947368,186.11842105263162,1.4851315789473685,26.26131578947369,29.98131578947369,0.4894736842105263,1.4736842105263157,0.4026315789473684,News & Portals,Italy,West Europe
1,5,ichacha.net,129606.56830601091,24072.644808743167,18.238770491803287,66.79918032786881,95.39612021857927,1.6697540983606574,35.14207650273224,0.1199180327868852,News & Portals,Taiwan,Asia
1,5,twojenowinki.pl,128448.63961038961,4011.337662337663,4.237532467532469,92.41493506493508,99.03688311688313,1.72431818181818,44.87987012987013,1.1841233766233767,News & Portals,Poland,East Europe
1,5,pudhari.co.in,127656.66666666669,23.03030303030303,0.016969696969696982,78.51606060606059,93.6869696969697,2.0336363636363632,0.060606060606060615,0.2281818181818181,News & Portals,India,Asia
1,5,lavozdealmeria.com,127121.87096774195,15997.109677419356,14.416,86.65896774193544,97.1556774193548,1.5929032258064522,218.15483870967742,1.2847741935483874,News & Portals,Spain,West Europe
1,5,deccanherald.com,126733.54212454213,4651.791208791209,6.461208791208789,83.75234432234433,89.90754578754581,1.8104029304029303,14.421245421245422,0.29311355311355297,News & Portals,China,Asia
1,5,otopress.pl,122489.32417582418,8823.20054945055,5.3929945054945065,64.2361538461538,76.82552197802198,1.2065659340659318,82.14560439560441,0.6948901098901096,News & Portals,Poland,East Europe
1,5,columnacero.com,122444.9831081081,8501.692567567568,5.319662162162159,61.16668918918918,66.69233108108108,1.3303716216216224,37.87162162162162,0.35445945945945945,News & Portals,Spain,West Europe
1,5,lepoint.fr,121572.4,8096.253333333332,7.400666666666666,76.26813333333331,96.69746666666668,1.560400000000001,27.086666666666666,0.3764666666666667,News & Portals,France,West Europe
1,5,corriere.it,121549.87431693992,25942.762295081968,22.72896174863387,74.87759562841535,98.9694535519126,1.7509562841530075,66.96994535519126,0.2637704918032785,News & Portals,United States,North America
1,5,thairath.co.th,118281.30666666669,21724.4,21.88826666666667,86.81373333333335,94.46440000000004,1.7394666666666667,60.14666666666667,0.6305333333333334,News & Portals,Thailand,Asia
1,5,diario16.com,117442.4,16256.898591549298,16.245070422535232,80.33611267605636,86.99284507042256,1.5595211267605604,106.256338028169,0.5308169014084511,News & Portals,Spain,West Europe
1,5,nordkurier.de,113917.28301886795,19782.490566037737,18.736415094339627,78.4541509433962,92.89943396226415,1.4816981132075469,126.7924528301887,0.6181132075471698,News & Portals,Germany,West Europe
1,5,sandesh.com,113213.12568306008,3445.74043715847,2.9729508196721266,88.53866120218584,96.88650273224043,1.8297267759562827,8.983606557377051,0.24516393442622944,News & Portals,India,Asia
1,5,epapervijayavani.in,110055.67857142855,161.67857142857142,0.14285714285714285,84.905,99.67321428571432,1.7607142857142857,0.5,0.2557142857142857,News & Portals,India,Asia
1,5,aastocks.com,108441.25,9312.983695652174,12.37815217391304,58.33027173913045,88.26065217391306,1.456902173913044,10.86413043478261,0.20157608695652168,News & Portals,Hong Kong,Asia
1,5,dailynayadiganta.com,106077.45714285712,270.6171428571429,0.07651428571428569,24.42788571428571,27.91925714285714,0.4547428571428572,0.9942857142857144,0.08205714285714286,News & Portals,Bangladesh,Asia
1,5,westca.com,103570.26190476194,585.7857142857142,0.4091666666666666,56.337619047619064,66.1879761904762,1.3521428571428569,2.0119047619047623,0.19940476190476186,News & Portals,Canada,North America
1,5,salon24.pl,103167.08791208793,1616.532967032967,1.7219780219780223,89.26472527472531,97.52423076923077,1.7093406593406597,16.46153846153846,0.8443956043956049,News & Portals,Poland,East Europe
1,5,elwatannews.com,101399.60773480665,2717.403314917127,2.756795580110497,88.95116022099444,94.25906077348068,1.6521546961325968,16.834254143646408,0.6250276243093923,News & Portals,Egypt,Africa
1,5,elnacional.cat,100854.38732394367,1852.9788732394366,1.6526760563380278,38.36457746478871,76.7423943661972,2.115,1.676056338028169,0.08640845070422534,News & Portals,Spain,West Europe
1,5,lesiteinfo.com,99607.64347826088,659.3086956521738,1.2101304347826087,54.64000000000001,69.04939130434781,1.1636521739130439,4.934782608695652,0.3898260869565217,News & Portals,Morocco,Africa
1,5,tichyseinblick.de,96344.941580756,7747.587628865979,7.9404467353951915,77.78780068728523,91.67639175257729,1.5504467353951903,65.6357388316151,0.8735051546391752,News & Portals,Germany,West Europe
1,5,dorzeczy.pl,94656.78470254957,3882.6827195467413,4.5404249291784655,91.439461756374,95.38407932011332,1.6809915014164325,13.294617563739376,0.3794050991501416,News & Portals,Poland,East Europe
1,5,india.com,93152.52747252748,6963.904761904762,7.472783882783883,70.33941391941391,84.35915750915754,1.4393040293040291,29.44322344322344,0.4575091575091576,News & Portals,United States,North America
1,5,epapergujaratsamachar.com,92565.25806451614,351.6129032258065,0.3961290322580645,79.78548387096775,99.91322580645162,1.9006451612903217,0.5806451612903226,0.16,News & Portals,India,Asia
1,5,dagens.dk,91104.31896551725,6998.318965517241,5.104655172413789,84.85043103448278,93.10405172413792,1.4994827586206894,45.06034482758621,0.5184482758620689,News & Portals,Denmark,West Europe
1,6,huffingtonpost.es,722822.3909774438,125441.87218045113,21.76834586466165,87.98857142857139,98.5746616541353,1.483383458646617,1667.390977443609,1.098195488721805,News & Portals,Spain,West Europe
1,6,lebanonfiles.com,658081.283018868,2777.1949685534587,0.431635220125786,68.71672955974843,87.35867924528301,1.7325786163522,16.364779874213838,0.5298113207547168,News & Portals,Lebanon,Arabia
1,6,ask.fm,613391.8852459015,7281.6775956284155,1.274836065573771,62.21882513661194,89.87191256830593,1.7967213114754093,4.355191256830601,0.0665300546448087,News & Portals,Egypt,Africa
1,6,jugantor.com,612970.0412979351,14674.57227138643,2.4554277286135684,86.12970501474923,98.09604719764023,1.747699115044249,46.81710914454278,0.3251327433628318,News & Portals,Bangladesh,Asia
1,6,tayyar.org,608149.006097561,12721.073170731708,2.154817073170732,82.57201219512194,97.38012195121954,1.70079268292683,110.83536585365853,0.9072560975609756,News & Portals,Lebanon,Arabia
1,6,planet.fr,599581.2,7199.466666666666,14.215333333333332,70.93,85.712,1.0753333333333333,62.93333333333333,0.6513333333333334,News & Portals,France,West Europe
1,6,pikio.pl,545515.4547945205,39846.89589041096,3.776109589041096,45.020082191780816,55.01394520547946,0.8601643835616438,316.35616438356163,0.4018356164383562,News & Portals,Poland,East Europe
1,6,discuss.com.hk,514596.8907103825,21237.535519125682,3.600300546448089,66.37661202185791,89.79196721311476,1.6995628415300537,76.46174863387978,0.23295081967213105,News & Portals,Hong Kong,Asia
